keyword,found,page,position,url,provider,error
Industrial Router,no,,,,serpapi,
IOT Router,no,,,,serpapi,
M2M Router,no,,,,serpapi,
5G DTU,no,,,,serpapi,
cellular industrial router,no,,,,serpapi,
ATM industrial Router,no,,,,serpapi,
Industrial ioT router,no,,,,serpapi,
Rugged industrial router,no,,,,serpapi,
VPN industrial router,no,,,,serpapi,
industrial cellular router,no,,,,serpapi,
Industrial Ethernet router,no,,,,serpapi,
5G VPN Router,no,,,,serpapi,
5G Rugged Router,no,,,,serpapi,
5G Failover Router,no,,,,serpapi,
5G Industrial Modem,no,,,,serpapi,
Rugged router,no,,,,serpapi,
5G Redcap Router,no,,,,serpapi,
industrial 5g,no,,,,serpapi,
industrial lte router,no,,,,serpapi,
industrial 5g router,no,,,,serpapi,
m2m cellular router,no,,,,serpapi,
